customer_id,name,email,phone_number,address
7311,Jennifer Green,ysullivan@example.com,459.638.2421x9489,"578 Michael Island
New Thomas, VI 68835"
5267,Thomas Moon,cortezraymond@example.net,+1-909-375-3513x9332,"714 Mann Plaza Suite 839
Seanfurt, MD 75952"
4966,Collin Lopez,thomas12@example.org,8186684833,"59179 Bruce Gardens Apt. 413
Lauramouth, NE 08652"
2648,Savannah Robinson,johnsoncynthia@example.net,001-516-415-1090,"00869 Mary Cliff Apt. 145
Whitehaven, NH 05662"
2653,Jeanne Green,kmassey@example.org,001-230-922-5841x972,"564 Ann Bridge Suite 150
Dennisfort, MI 80472"
5716,Leslie Mcclain,jenniferhughes@example.com,+1-210-893-5233x7696,"027 Jonathon Estate Suite 878
North Troyport, MP 61697"
1816,Sheri Burnett,amymccarty@example.org,001-520-366-5030x0891,"4217 Burton Brooks
Robinville, VI 34119"
3185,Ruth Newman,wigginsjoshua@example.org,9039485590,"236 Smith Drive Suite 555
West Kimberlyton, AZ 35840"
3684,Kevin Ward,kellywoods@example.org,8423814654,"5517 Holly Meadow Apt. 452
Lake Anne, AS 84240"
2424,Bradley Brady,cruzcorey@example.net,547.779.3615x34926,"731 Sanders Fords
Port Jasonberg, CT 26449"
8510,Joshua Hernandez,zhernandez@example.net,+1-768-275-7738x93055,"269 Robbins Valley Suite 118
North Jeffreyton, ME 02504"
8349,Christopher Hernandez,gschmitt@example.com,980.891.8916x34896,"02489 Cook Park
Sherriport, WI 53987"
7294,Amy Davidson,johnblair@example.com,7078627912,"7017 Andrew Rapid Apt. 518
Jamesfort, DE 08386"
8654,Taylor Santos,kristina26@example.com,001-218-930-6753x7510,"993 Clayton Viaduct
Hunterville, FL 56333"
7914,Taylor Perry,perryeric@example.org,266.707.5415x115,"51923 Jamie Spring
Lake Adrianstad, UT 03731"
4815,Chelsea Rodriguez,jasmine42@example.org,355.374.4852,"62235 Joel Ferry Suite 560
New Andrew, CA 92535"
2199,Edwin Butler,brittanyevans@example.com,837-758-0660,"7121 Rodriguez Rest Apt. 762
Reynoldsbury, NH 45116"
9574,Joel Walsh,sfischer@example.org,001-879-970-3414x892,"86401 Stephenson Canyon Apt. 468
Wallaceview, MI 37646"
4211,Amanda Sparks,amanda18@example.org,001-821-664-4829x83816,"221 Patrick Ramp Suite 284
Crystalchester, IL 62985"
9009,Emily Pearson,wallacedouglas@example.com,3933057608,"50190 Marks Squares Suite 329
Jameschester, NH 94393"
6409,Gary Wong,thernandez@example.org,552.232.7566x76337,"PSC 0312, Box 5023
APO AP 39498"
2419,Kayla Mitchell,robert08@example.net,+1-286-497-7473x5400,"021 Becker Rest Suite 837
West Charlene, PA 11723"
6226,Jesus Nguyen,boydjames@example.org,885.633.4448,"48107 Hardy Causeway
Wernermouth, NV 15983"
2402,Brett Cannon,nhenson@example.com,+1-716-786-0237x324,"Unit 1849 Box 8347
DPO AP 79756"
8570,Debbie Hall,mendezjennifer@example.org,001-363-734-0886x0164,"31845 Nathaniel Neck Suite 922
New Williamstad, OR 83707"
1414,Sherri Moore,williamjones@example.org,001-279-733-2365x99271,"38277 Padilla Common Suite 296
Port Leslie, LA 50844"
1969,Ethan Burgess,matthewalexander@example.net,+1-934-252-4059x80250,"35105 Taylor Forge
Grahamstad, ME 23692"
6387,Rachel Ortiz,ortizjoseph@example.net,001-470-391-6620x8298,"02821 Pennington Rapid
New Courtneyberg, RI 79402"
1656,Robert Oconnor,garrettpamela@example.com,854-727-3852,"0484 Madden Trail Suite 076
South Michaelton, AK 36290"
1561,Michael Park,wanda38@example.net,264-231-9539x85225,"4457 Burke Extension Apt. 290
Martineztown, VA 63469"
5220,Chelsea Dunn,lramirez@example.net,(812)691-8896,"4488 Branch Field
Moodytown, WV 67523"
3544,Meredith Harrington,cward@example.net,(693)405-8235x70393,"USCGC Miller
FPO AA 31530"
8367,Stephanie Patrick,rubiofrank@example.org,(564)846-5951x40704,"097 Gallegos Crossroad Suite 506
Mccallberg, AZ 11181"
6692,Benjamin Love,bwilliams@example.com,(424)962-9264x8022,"808 Herring Key
North Anitaview, ID 34706"
6372,Dawn Green,jlutz@example.com,+1-520-992-8051,"252 Ingram Centers Apt. 850
North Ronaldstad, OK 59690"
6501,Kayla Archer,taylorsara@example.org,001-420-759-3060x4609,"PSC 1607, Box 5994
APO AP 41099"
8432,Andre Lang,stacybrown@example.org,905-902-6905,"640 Mary Common
Michaelville, NJ 04835"
3527,Lori Mitchell,smithmatthew@example.net,001-522-522-3950x760,"35326 Cox Port Apt. 690
New Adam, MS 94671"
3817,Mrs. Samantha Hicks MD,berrydylan@example.org,+1-360-466-9532x58386,"66376 Sabrina Garden Suite 691
Whitneyhaven, MN 71586"
1355,Penny Mcdowell,billy56@example.net,380-926-0666,"57629 Gill Creek
Michaelstad, WI 62455"
9498,Christina Bernard,jennifernguyen@example.com,+1-304-786-0646x3522,"671 Kimberly Plains Apt. 223
East Anthony, DC 65125"
6848,Lisa Roberts,gabrielle64@example.org,685-882-6843x65678,"Unit 1220 Box 9981
DPO AP 85351"
4357,Lindsey Palmer,haley92@example.com,700-615-7517,"88182 Maria Vista
New Robert, TN 27774"
8179,Jennifer Smith,samanthajackson@example.com,001-906-219-6538,"8786 Baker Forks
Erikberg, NH 09524"
2122,Keith Ortiz,bakerjerry@example.org,925-312-0298x3006,"USNV Baxter
FPO AA 13284"
1084,Jonathan Joyce,jeffrey75@example.net,711-649-6356x23437,"65873 Chen Knolls
Ramirezfurt, WI 94134"
5638,Karen Carter,pmoore@example.net,(957)531-6678,"3580 Thomas Lock Apt. 609
South Claytonborough, VA 43336"
3925,Robert Diaz,stephaniesmith@example.net,2218993173,"36670 Clark Track
New Stephanietown, OR 45991"
7020,Megan Davidson,kingdakota@example.org,302-392-6395x368,"87727 Anderson Glens Suite 198
Loribury, NH 33068"
6751,Dr. Alexander Cummings,transusan@example.com,663.747.7237,"134 Sophia Drives
Benjaminburgh, WI 61921"
7394,Jennifer Lee,zwilliams@example.com,001-583-952-8899x62979,"583 Bradley Dale Apt. 793
Port Tammyhaven, NE 85137"
5692,Gina Jennings,nathanbridges@example.net,567.757.1231x267,"3169 Fernandez Roads
Lake Derekfort, ME 50327"
9911,Angela Cordova,ngoodwin@example.com,+1-954-610-3909x852,"3668 Perez Ramp Suite 102
Courtneyshire, NM 08797"
9639,Francisco Daniel,wilsoncatherine@example.org,001-520-216-3044x61545,"70452 Forbes Courts
Mosesland, KS 75278"
2707,Shannon Willis,yjohnson@example.org,(618)732-3639x752,"Unit 8337 Box 5248
DPO AP 00560"
2364,Erin Brennan,austin90@example.com,824-838-8571,"2436 Johnson Village Apt. 415
Tiffanyport, AR 93360"
5076,Melissa Taylor,hartmanrobert@example.net,445.287.7165,"0314 Madison Crossroad Suite 058
Martinezbury, NM 37422"
5399,John Zuniga,martinolivia@example.net,(433)523-4228x480,"238 Nicole Prairie Apt. 384
Lake Stevenborough, AR 54508"
3749,James Cruz,fgarcia@example.net,8106367465,"330 William Cliff
Wrightberg, PA 82666"
9350,Kyle Bell,michael48@example.net,001-442-907-3965x747,"9669 Dominguez Parkway Suite 933
Robinsonhaven, GA 67302"
3298,Kelly Mccullough,qstark@example.com,278-503-4710x3914,"USNS Montgomery
FPO AP 47736"
5385,William Smith,mariecollins@example.org,(675)751-9610x2098,"52272 Willis Wall Apt. 006
Lake Deborahberg, NY 11670"
7870,Mark Sims,jennifermorgan@example.org,847-979-5417x21848,"621 Mary Summit
Phillipsville, TX 56307"
5296,Brian Kelly,smithcathy@example.org,566-270-5216,"96284 Sullivan Village
Lake Maryside, FL 73975"
3082,Leah Jackson,raykeith@example.com,460.408.1042,"USS Ashley
FPO AE 97539"
6297,Erin Potter,watsonjon@example.com,+1-877-388-1157x66878,"PSC 2685, Box 2122
APO AE 50838"
2898,Kelly Cunningham,shawna76@example.net,397-985-3806x55803,"380 Terri Port Suite 052
Josephfort, WV 55431"
1021,Patricia Pena,wnewton@example.net,001-420-978-2649x7307,"9286 Young Light Suite 334
New Brenda, FM 49268"
8463,George Schultz,john48@example.org,+1-591-377-3295,"6483 Anthony Island
North Jamesborough, PA 21938"
8509,Jonathan Barker,rcervantes@example.net,001-860-910-5249x874,"118 Melissa Prairie
Stephanieville, MH 74361"
4849,Richard Colon,christopher96@example.net,(599)483-4422,"7429 Harris Dale
Dicksonburgh, ID 77674"
1281,Matthew Gregory,christopher94@example.net,001-730-523-9062x2780,"7343 Michael Groves Suite 894
West Andrea, CA 23464"
7153,Kevin Pearson,jenniferhardin@example.com,(764)883-2147,"6828 Diana Inlet Suite 896
South James, CO 13289"
9770,Jonathon Owens,antoniohall@example.org,+1-366-418-3833x713,"647 Michael Trafficway Apt. 037
New Evelyn, GU 01420"
3348,John Munoz,philip41@example.net,575-299-1326,"521 Flores Stream
West Rebeccaborough, ID 39192"
9543,Marilyn Rojas,cjohnson@example.org,528-339-7529x2964,"USNS Alexander
FPO AP 56051"
3940,Elizabeth Harrison,flemingdeborah@example.org,673-680-0917,"31982 Santos Road Apt. 032
Port Dana, FL 78100"
3905,Douglas Adams,qray@example.net,(501)327-0554x66043,"83750 Fisher Path
Lake Martin, OK 86455"
9737,Tammy Evans MD,joel44@example.org,(527)406-7048x967,"64377 Robertson Curve Suite 420
West Jose, VT 14822"
1511,Frank Le,markchan@example.org,+1-313-357-7256x6659,"10867 Phillip Stravenue Apt. 604
West Joshua, DE 73626"
6527,Charles Davis,shaun33@example.com,+1-697-348-2760x10153,"18940 Samantha Creek Apt. 722
Scottburgh, NV 92858"
1446,Alexis Martinez,christopher63@example.com,001-563-679-8852x6096,"7454 Jacob Forges Suite 505
Howellport, TX 32901"
1344,Mrs. Kelly Santana,lisabean@example.net,982-407-6775x03931,"431 Johnson Neck Suite 039
Mariechester, NV 92770"
9418,Amy Williams,nicholas66@example.net,001-834-876-8064x726,"8546 Michael Manors Suite 741
West Jerry, AK 82408"
6551,Roberto Crawford,parsonsgregory@example.net,8329086624,"72117 Gross Inlet
Petershire, GU 35523"
6436,Andrea Hubbard,jeffrey74@example.net,661.660.0150,"029 Terry Common
North Stacey, OH 18189"
2665,Austin Waters,harriscraig@example.com,(311)277-8281x25682,"65858 Stout Garden
East Cassidystad, WA 37676"
6781,Alisha Smith,joy32@example.org,777-724-4202,"724 Lopez Crescent
West Lauren, WI 14020"
5502,Wanda Grant,littlejesse@example.org,001-468-642-4041x56043,"73999 Ricky Via
West Adamburgh, MA 23043"
7627,Joshua Gonzalez,daykaren@example.org,487.999.5551x065,"690 Christina Park
Toddburgh, FL 89463"
8026,Jeremy Yu,johnnyhaynes@example.org,001-604-821-2426,"7149 Scott Stravenue Suite 698
South Sharonhaven, NY 27108"
7912,Matthew Russell,sanfordrobert@example.org,900-476-8587x878,"534 Jones Court
Port Catherine, SC 17371"
9144,Jeremiah Neal,tracysosa@example.com,458.430.5846x8914,"00771 Donald Mountain Apt. 941
Michaelberg, FM 61831"
7072,Brian Garcia,torreskyle@example.net,(920)876-6316x476,"3412 Morris Highway
Cooperburgh, NH 17219"
6568,Kathleen Davis,ldaniel@example.org,+1-652-445-1165x54503,"3184 Brent Summit
South Stevenberg, VT 18937"
1945,Brittany Wilson,glawson@example.com,999-613-4628,"642 Mallory Corner
Lake Abigail, MH 47369"
8468,Mary Davis,trobles@example.com,9258273312,"52339 Keller Wall
Brittanyfort, MH 66601"
5422,Alicia Cohen,josephmason@example.net,847-821-0788,"57280 Drake Alley Apt. 802
North Manuelport, TN 25901"
2027,Olivia Dennis,stephanie89@example.net,(463)560-9390x706,"4475 Henry Valleys
Zacharyport, NV 70521"
6440,George Powell,sarah03@example.net,646.462.2732x931,"717 Ryan Ferry
Port Sheilahaven, AZ 92645"
